cluster,slug,title,one_liner
Percentages & Ratios,percentage-increase-calculator-1,Percentage Increase Calculator,Compute percentage increase calculator with step-by-step results.
Percentages & Ratios,percentage-decrease-calculator-2,Percentage Decrease Calculator,Compute percentage decrease calculator with step-by-step results.
Percentages & Ratios,percentage-change-calculator-3,Percentage Change Calculator,Compute percentage change calculator with step-by-step results.
Percentages & Ratios,what-is-x-percent-of-y-calculator-4,What Is X% of Y Calculator,Compute what is x% of y calculator with step-by-step results.
Percentages & Ratios,discount-(percentage-off)-calculator-5,Discount (Percentage Off) Calculator,Compute discount (percentage off) calculator with step-by-step results.
Percentages & Ratios,tip-calculator-6,Tip Calculator,Compute tip calculator with step-by-step results.
Percentages & Ratios,sales-tax-vat-calculator-7,Sales Tax/VAT Calculator,Compute sales tax/vat calculator with step-by-step results.
Percentages & Ratios,commission-calculator-8,Commission Calculator,Compute commission calculator with step-by-step results.
Percentages & Ratios,margin-calculator-9,Margin Calculator,Compute margin calculator with step-by-step results.
Percentages & Ratios,markup-calculator-10,Markup Calculator,Compute markup calculator with step-by-step results.
Percentages & Ratios,percentage-increase-calculator-11,Percentage Increase Calculator,Compute percentage increase calculator with step-by-step results.
Percentages & Ratios,percentage-decrease-calculator-12,Percentage Decrease Calculator,Compute percentage decrease calculator with step-by-step results.
Percentages & Ratios,percentage-change-calculator-13,Percentage Change Calculator,Compute percentage change calculator with step-by-step results.
Percentages & Ratios,what-is-x-percent-of-y-calculator-14,What Is X% of Y Calculator,Compute what is x% of y calculator with step-by-step results.
Percentages & Ratios,discount-(percentage-off)-calculator-15,Discount (Percentage Off) Calculator,Compute discount (percentage off) calculator with step-by-step results.
Percentages & Ratios,tip-calculator-16,Tip Calculator,Compute tip calculator with step-by-step results.
Percentages & Ratios,sales-tax-vat-calculator-17,Sales Tax/VAT Calculator,Compute sales tax/vat calculator with step-by-step results.
Percentages & Ratios,commission-calculator-18,Commission Calculator,Compute commission calculator with step-by-step results.
Percentages & Ratios,margin-calculator-19,Margin Calculator,Compute margin calculator with step-by-step results.
Percentages & Ratios,markup-calculator-20,Markup Calculator,Compute markup calculator with step-by-step results.
Percentages & Ratios,percentage-increase-calculator-21,Percentage Increase Calculator,Compute percentage increase calculator with step-by-step results.
Percentages & Ratios,percentage-decrease-calculator-22,Percentage Decrease Calculator,Compute percentage decrease calculator with step-by-step results.
Percentages & Ratios,percentage-change-calculator-23,Percentage Change Calculator,Compute percentage change calculator with step-by-step results.
Percentages & Ratios,what-is-x-percent-of-y-calculator-24,What Is X% of Y Calculator,Compute what is x% of y calculator with step-by-step results.
Percentages & Ratios,discount-(percentage-off)-calculator-25,Discount (Percentage Off) Calculator,Compute discount (percentage off) calculator with step-by-step results.
Percentages & Ratios,tip-calculator-26,Tip Calculator,Compute tip calculator with step-by-step results.
Percentages & Ratios,sales-tax-vat-calculator-27,Sales Tax/VAT Calculator,Compute sales tax/vat calculator with step-by-step results.
Percentages & Ratios,commission-calculator-28,Commission Calculator,Compute commission calculator with step-by-step results.
Percentages & Ratios,margin-calculator-29,Margin Calculator,Compute margin calculator with step-by-step results.
Percentages & Ratios,markup-calculator-30,Markup Calculator,Compute markup calculator with step-by-step results.
Percentages & Ratios,percentage-increase-calculator-31,Percentage Increase Calculator,Compute percentage increase calculator with step-by-step results.
Percentages & Ratios,percentage-decrease-calculator-32,Percentage Decrease Calculator,Compute percentage decrease calculator with step-by-step results.
Percentages & Ratios,percentage-change-calculator-33,Percentage Change Calculator,Compute percentage change calculator with step-by-step results.
Percentages & Ratios,what-is-x-percent-of-y-calculator-34,What Is X% of Y Calculator,Compute what is x% of y calculator with step-by-step results.
Percentages & Ratios,discount-(percentage-off)-calculator-35,Discount (Percentage Off) Calculator,Compute discount (percentage off) calculator with step-by-step results.
Percentages & Ratios,tip-calculator-36,Tip Calculator,Compute tip calculator with step-by-step results.
Percentages & Ratios,sales-tax-vat-calculator-37,Sales Tax/VAT Calculator,Compute sales tax/vat calculator with step-by-step results.
Percentages & Ratios,commission-calculator-38,Commission Calculator,Compute commission calculator with step-by-step results.
Percentages & Ratios,margin-calculator-39,Margin Calculator,Compute margin calculator with step-by-step results.
Percentages & Ratios,markup-calculator-40,Markup Calculator,Compute markup calculator with step-by-step results.
Percentages & Ratios,percentage-increase-calculator-41,Percentage Increase Calculator,Compute percentage increase calculator with step-by-step results.
Percentages & Ratios,percentage-decrease-calculator-42,Percentage Decrease Calculator,Compute percentage decrease calculator with step-by-step results.
Percentages & Ratios,percentage-change-calculator-43,Percentage Change Calculator,Compute percentage change calculator with step-by-step results.
Percentages & Ratios,what-is-x-percent-of-y-calculator-44,What Is X% of Y Calculator,Compute what is x% of y calculator with step-by-step results.
Percentages & Ratios,discount-(percentage-off)-calculator-45,Discount (Percentage Off) Calculator,Compute discount (percentage off) calculator with step-by-step results.
Percentages & Ratios,tip-calculator-46,Tip Calculator,Compute tip calculator with step-by-step results.
Percentages & Ratios,sales-tax-vat-calculator-47,Sales Tax/VAT Calculator,Compute sales tax/vat calculator with step-by-step results.
Percentages & Ratios,commission-calculator-48,Commission Calculator,Compute commission calculator with step-by-step results.
Percentages & Ratios,margin-calculator-49,Margin Calculator,Compute margin calculator with step-by-step results.
Percentages & Ratios,markup-calculator-50,Markup Calculator,Compute markup calculator with step-by-step results.
Percentages & Ratios,percentage-increase-calculator-51,Percentage Increase Calculator,Compute percentage increase calculator with step-by-step results.
Percentages & Ratios,percentage-decrease-calculator-52,Percentage Decrease Calculator,Compute percentage decrease calculator with step-by-step results.
Percentages & Ratios,percentage-change-calculator-53,Percentage Change Calculator,Compute percentage change calculator with step-by-step results.
Percentages & Ratios,what-is-x-percent-of-y-calculator-54,What Is X% of Y Calculator,Compute what is x% of y calculator with step-by-step results.
Percentages & Ratios,discount-(percentage-off)-calculator-55,Discount (Percentage Off) Calculator,Compute discount (percentage off) calculator with step-by-step results.
Percentages & Ratios,tip-calculator-56,Tip Calculator,Compute tip calculator with step-by-step results.
Percentages & Ratios,sales-tax-vat-calculator-57,Sales Tax/VAT Calculator,Compute sales tax/vat calculator with step-by-step results.
Percentages & Ratios,commission-calculator-58,Commission Calculator,Compute commission calculator with step-by-step results.
Percentages & Ratios,margin-calculator-59,Margin Calculator,Compute margin calculator with step-by-step results.
Percentages & Ratios,markup-calculator-60,Markup Calculator,Compute markup calculator with step-by-step results.
Percentages & Ratios,percentage-increase-calculator-61,Percentage Increase Calculator,Compute percentage increase calculator with step-by-step results.
Percentages & Ratios,percentage-decrease-calculator-62,Percentage Decrease Calculator,Compute percentage decrease calculator with step-by-step results.
Percentages & Ratios,percentage-change-calculator-63,Percentage Change Calculator,Compute percentage change calculator with step-by-step results.
Percentages & Ratios,what-is-x-percent-of-y-calculator-64,What Is X% of Y Calculator,Compute what is x% of y calculator with step-by-step results.
Percentages & Ratios,discount-(percentage-off)-calculator-65,Discount (Percentage Off) Calculator,Compute discount (percentage off) calculator with step-by-step results.
Percentages & Ratios,tip-calculator-66,Tip Calculator,Compute tip calculator with step-by-step results.
Percentages & Ratios,sales-tax-vat-calculator-67,Sales Tax/VAT Calculator,Compute sales tax/vat calculator with step-by-step results.
Percentages & Ratios,commission-calculator-68,Commission Calculator,Compute commission calculator with step-by-step results.
Percentages & Ratios,margin-calculator-69,Margin Calculator,Compute margin calculator with step-by-step results.
Percentages & Ratios,markup-calculator-70,Markup Calculator,Compute markup calculator with step-by-step results.
Percentages & Ratios,percentage-increase-calculator-71,Percentage Increase Calculator,Compute percentage increase calculator with step-by-step results.
Percentages & Ratios,percentage-decrease-calculator-72,Percentage Decrease Calculator,Compute percentage decrease calculator with step-by-step results.
Percentages & Ratios,percentage-change-calculator-73,Percentage Change Calculator,Compute percentage change calculator with step-by-step results.
Percentages & Ratios,what-is-x-percent-of-y-calculator-74,What Is X% of Y Calculator,Compute what is x% of y calculator with step-by-step results.
Percentages & Ratios,discount-(percentage-off)-calculator-75,Discount (Percentage Off) Calculator,Compute discount (percentage off) calculator with step-by-step results.
Percentages & Ratios,tip-calculator-76,Tip Calculator,Compute tip calculator with step-by-step results.
Percentages & Ratios,sales-tax-vat-calculator-77,Sales Tax/VAT Calculator,Compute sales tax/vat calculator with step-by-step results.
Percentages & Ratios,commission-calculator-78,Commission Calculator,Compute commission calculator with step-by-step results.
Percentages & Ratios,margin-calculator-79,Margin Calculator,Compute margin calculator with step-by-step results.
Percentages & Ratios,markup-calculator-80,Markup Calculator,Compute markup calculator with step-by-step results.
Finance & Loans,percentage-increase-calculator-1,Percentage Increase Calculator,Compute percentage increase calculator with step-by-step results.
Finance & Loans,percentage-decrease-calculator-2,Percentage Decrease Calculator,Compute percentage decrease calculator with step-by-step results.
Finance & Loans,percentage-change-calculator-3,Percentage Change Calculator,Compute percentage change calculator with step-by-step results.
Finance & Loans,what-is-x-percent-of-y-calculator-4,What Is X% of Y Calculator,Compute what is x% of y calculator with step-by-step results.
Finance & Loans,discount-(percentage-off)-calculator-5,Discount (Percentage Off) Calculator,Compute discount (percentage off) calculator with step-by-step results.
Finance & Loans,tip-calculator-6,Tip Calculator,Compute tip calculator with step-by-step results.
Finance & Loans,sales-tax-vat-calculator-7,Sales Tax/VAT Calculator,Compute sales tax/vat calculator with step-by-step results.
Finance & Loans,commission-calculator-8,Commission Calculator,Compute commission calculator with step-by-step results.
Finance & Loans,margin-calculator-9,Margin Calculator,Compute margin calculator with step-by-step results.
Finance & Loans,markup-calculator-10,Markup Calculator,Compute markup calculator with step-by-step results.
Finance & Loans,percentage-increase-calculator-11,Percentage Increase Calculator,Compute percentage increase calculator with step-by-step results.
Finance & Loans,percentage-decrease-calculator-12,Percentage Decrease Calculator,Compute percentage decrease calculator with step-by-step results.
Finance & Loans,percentage-change-calculator-13,Percentage Change Calculator,Compute percentage change calculator with step-by-step results.
Finance & Loans,what-is-x-percent-of-y-calculator-14,What Is X% of Y Calculator,Compute what is x% of y calculator with step-by-step results.
Finance & Loans,discount-(percentage-off)-calculator-15,Discount (Percentage Off) Calculator,Compute discount (percentage off) calculator with step-by-step results.
Finance & Loans,tip-calculator-16,Tip Calculator,Compute tip calculator with step-by-step results.
Finance & Loans,sales-tax-vat-calculator-17,Sales Tax/VAT Calculator,Compute sales tax/vat calculator with step-by-step results.
Finance & Loans,commission-calculator-18,Commission Calculator,Compute commission calculator with step-by-step results.
Finance & Loans,margin-calculator-19,Margin Calculator,Compute margin calculator with step-by-step results.
Finance & Loans,markup-calculator-20,Markup Calculator,Compute markup calculator with step-by-step results.
Finance & Loans,percentage-increase-calculator-21,Percentage Increase Calculator,Compute percentage increase calculator with step-by-step results.
Finance & Loans,percentage-decrease-calculator-22,Percentage Decrease Calculator,Compute percentage decrease calculator with step-by-step results.
Finance & Loans,percentage-change-calculator-23,Percentage Change Calculator,Compute percentage change calculator with step-by-step results.
Finance & Loans,what-is-x-percent-of-y-calculator-24,What Is X% of Y Calculator,Compute what is x% of y calculator with step-by-step results.
Finance & Loans,discount-(percentage-off)-calculator-25,Discount (Percentage Off) Calculator,Compute discount (percentage off) calculator with step-by-step results.
Finance & Loans,tip-calculator-26,Tip Calculator,Compute tip calculator with step-by-step results.
Finance & Loans,sales-tax-vat-calculator-27,Sales Tax/VAT Calculator,Compute sales tax/vat calculator with step-by-step results.
Finance & Loans,commission-calculator-28,Commission Calculator,Compute commission calculator with step-by-step results.
Finance & Loans,margin-calculator-29,Margin Calculator,Compute margin calculator with step-by-step results.
Finance & Loans,markup-calculator-30,Markup Calculator,Compute markup calculator with step-by-step results.
Finance & Loans,percentage-increase-calculator-31,Percentage Increase Calculator,Compute percentage increase calculator with step-by-step results.
Finance & Loans,percentage-decrease-calculator-32,Percentage Decrease Calculator,Compute percentage decrease calculator with step-by-step results.
Finance & Loans,percentage-change-calculator-33,Percentage Change Calculator,Compute percentage change calculator with step-by-step results.
Finance & Loans,what-is-x-percent-of-y-calculator-34,What Is X% of Y Calculator,Compute what is x% of y calculator with step-by-step results.
Finance & Loans,discount-(percentage-off)-calculator-35,Discount (Percentage Off) Calculator,Compute discount (percentage off) calculator with step-by-step results.
Finance & Loans,tip-calculator-36,Tip Calculator,Compute tip calculator with step-by-step results.
Finance & Loans,sales-tax-vat-calculator-37,Sales Tax/VAT Calculator,Compute sales tax/vat calculator with step-by-step results.
Finance & Loans,commission-calculator-38,Commission Calculator,Compute commission calculator with step-by-step results.
Finance & Loans,margin-calculator-39,Margin Calculator,Compute margin calculator with step-by-step results.
Finance & Loans,markup-calculator-40,Markup Calculator,Compute markup calculator with step-by-step results.
Finance & Loans,percentage-increase-calculator-41,Percentage Increase Calculator,Compute percentage increase calculator with step-by-step results.
Finance & Loans,percentage-decrease-calculator-42,Percentage Decrease Calculator,Compute percentage decrease calculator with step-by-step results.
Finance & Loans,percentage-change-calculator-43,Percentage Change Calculator,Compute percentage change calculator with step-by-step results.
Finance & Loans,what-is-x-percent-of-y-calculator-44,What Is X% of Y Calculator,Compute what is x% of y calculator with step-by-step results.
Finance & Loans,discount-(percentage-off)-calculator-45,Discount (Percentage Off) Calculator,Compute discount (percentage off) calculator with step-by-step results.
Finance & Loans,tip-calculator-46,Tip Calculator,Compute tip calculator with step-by-step results.
Finance & Loans,sales-tax-vat-calculator-47,Sales Tax/VAT Calculator,Compute sales tax/vat calculator with step-by-step results.
Finance & Loans,commission-calculator-48,Commission Calculator,Compute commission calculator with step-by-step results.
Finance & Loans,margin-calculator-49,Margin Calculator,Compute margin calculator with step-by-step results.
Finance & Loans,markup-calculator-50,Markup Calculator,Compute markup calculator with step-by-step results.
Finance & Loans,percentage-increase-calculator-51,Percentage Increase Calculator,Compute percentage increase calculator with step-by-step results.
Finance & Loans,percentage-decrease-calculator-52,Percentage Decrease Calculator,Compute percentage decrease calculator with step-by-step results.
Finance & Loans,percentage-change-calculator-53,Percentage Change Calculator,Compute percentage change calculator with step-by-step results.
Finance & Loans,what-is-x-percent-of-y-calculator-54,What Is X% of Y Calculator,Compute what is x% of y calculator with step-by-step results.
Finance & Loans,discount-(percentage-off)-calculator-55,Discount (Percentage Off) Calculator,Compute discount (percentage off) calculator with step-by-step results.
Finance & Loans,tip-calculator-56,Tip Calculator,Compute tip calculator with step-by-step results.
Finance & Loans,sales-tax-vat-calculator-57,Sales Tax/VAT Calculator,Compute sales tax/vat calculator with step-by-step results.
Finance & Loans,commission-calculator-58,Commission Calculator,Compute commission calculator with step-by-step results.
Finance & Loans,margin-calculator-59,Margin Calculator,Compute margin calculator with step-by-step results.
Finance & Loans,markup-calculator-60,Markup Calculator,Compute markup calculator with step-by-step results.
Finance & Loans,percentage-increase-calculator-61,Percentage Increase Calculator,Compute percentage increase calculator with step-by-step results.
Finance & Loans,percentage-decrease-calculator-62,Percentage Decrease Calculator,Compute percentage decrease calculator with step-by-step results.
Finance & Loans,percentage-change-calculator-63,Percentage Change Calculator,Compute percentage change calculator with step-by-step results.
Finance & Loans,what-is-x-percent-of-y-calculator-64,What Is X% of Y Calculator,Compute what is x% of y calculator with step-by-step results.
Finance & Loans,discount-(percentage-off)-calculator-65,Discount (Percentage Off) Calculator,Compute discount (percentage off) calculator with step-by-step results.
Finance & Loans,tip-calculator-66,Tip Calculator,Compute tip calculator with step-by-step results.
Finance & Loans,sales-tax-vat-calculator-67,Sales Tax/VAT Calculator,Compute sales tax/vat calculator with step-by-step results.
Finance & Loans,commission-calculator-68,Commission Calculator,Compute commission calculator with step-by-step results.
Finance & Loans,margin-calculator-69,Margin Calculator,Compute margin calculator with step-by-step results.
Finance & Loans,markup-calculator-70,Markup Calculator,Compute markup calculator with step-by-step results.
Finance & Loans,percentage-increase-calculator-71,Percentage Increase Calculator,Compute percentage increase calculator with step-by-step results.
Finance & Loans,percentage-decrease-calculator-72,Percentage Decrease Calculator,Compute percentage decrease calculator with step-by-step results.
Finance & Loans,percentage-change-calculator-73,Percentage Change Calculator,Compute percentage change calculator with step-by-step results.
Finance & Loans,what-is-x-percent-of-y-calculator-74,What Is X% of Y Calculator,Compute what is x% of y calculator with step-by-step results.
Finance & Loans,discount-(percentage-off)-calculator-75,Discount (Percentage Off) Calculator,Compute discount (percentage off) calculator with step-by-step results.
Finance & Loans,tip-calculator-76,Tip Calculator,Compute tip calculator with step-by-step results.
Finance & Loans,sales-tax-vat-calculator-77,Sales Tax/VAT Calculator,Compute sales tax/vat calculator with step-by-step results.
Finance & Loans,commission-calculator-78,Commission Calculator,Compute commission calculator with step-by-step results.
Finance & Loans,margin-calculator-79,Margin Calculator,Compute margin calculator with step-by-step results.
Finance & Loans,markup-calculator-80,Markup Calculator,Compute markup calculator with step-by-step results.
Conversions & Units,percentage-increase-calculator-1,Percentage Increase Calculator,Compute percentage increase calculator with step-by-step results.
Conversions & Units,percentage-decrease-calculator-2,Percentage Decrease Calculator,Compute percentage decrease calculator with step-by-step results.
Conversions & Units,percentage-change-calculator-3,Percentage Change Calculator,Compute percentage change calculator with step-by-step results.
Conversions & Units,what-is-x-percent-of-y-calculator-4,What Is X% of Y Calculator,Compute what is x% of y calculator with step-by-step results.
Conversions & Units,discount-(percentage-off)-calculator-5,Discount (Percentage Off) Calculator,Compute discount (percentage off) calculator with step-by-step results.
Conversions & Units,tip-calculator-6,Tip Calculator,Compute tip calculator with step-by-step results.
Conversions & Units,sales-tax-vat-calculator-7,Sales Tax/VAT Calculator,Compute sales tax/vat calculator with step-by-step results.
Conversions & Units,commission-calculator-8,Commission Calculator,Compute commission calculator with step-by-step results.
Conversions & Units,margin-calculator-9,Margin Calculator,Compute margin calculator with step-by-step results.
Conversions & Units,markup-calculator-10,Markup Calculator,Compute markup calculator with step-by-step results.
Conversions & Units,percentage-increase-calculator-11,Percentage Increase Calculator,Compute percentage increase calculator with step-by-step results.
Conversions & Units,percentage-decrease-calculator-12,Percentage Decrease Calculator,Compute percentage decrease calculator with step-by-step results.
Conversions & Units,percentage-change-calculator-13,Percentage Change Calculator,Compute percentage change calculator with step-by-step results.
Conversions & Units,what-is-x-percent-of-y-calculator-14,What Is X% of Y Calculator,Compute what is x% of y calculator with step-by-step results.
Conversions & Units,discount-(percentage-off)-calculator-15,Discount (Percentage Off) Calculator,Compute discount (percentage off) calculator with step-by-step results.
Conversions & Units,tip-calculator-16,Tip Calculator,Compute tip calculator with step-by-step results.
Conversions & Units,sales-tax-vat-calculator-17,Sales Tax/VAT Calculator,Compute sales tax/vat calculator with step-by-step results.
Conversions & Units,commission-calculator-18,Commission Calculator,Compute commission calculator with step-by-step results.
Conversions & Units,margin-calculator-19,Margin Calculator,Compute margin calculator with step-by-step results.
Conversions & Units,markup-calculator-20,Markup Calculator,Compute markup calculator with step-by-step results.
Conversions & Units,percentage-increase-calculator-21,Percentage Increase Calculator,Compute percentage increase calculator with step-by-step results.
Conversions & Units,percentage-decrease-calculator-22,Percentage Decrease Calculator,Compute percentage decrease calculator with step-by-step results.
Conversions & Units,percentage-change-calculator-23,Percentage Change Calculator,Compute percentage change calculator with step-by-step results.
Conversions & Units,what-is-x-percent-of-y-calculator-24,What Is X% of Y Calculator,Compute what is x% of y calculator with step-by-step results.
Conversions & Units,discount-(percentage-off)-calculator-25,Discount (Percentage Off) Calculator,Compute discount (percentage off) calculator with step-by-step results.
Conversions & Units,tip-calculator-26,Tip Calculator,Compute tip calculator with step-by-step results.
Conversions & Units,sales-tax-vat-calculator-27,Sales Tax/VAT Calculator,Compute sales tax/vat calculator with step-by-step results.
Conversions & Units,commission-calculator-28,Commission Calculator,Compute commission calculator with step-by-step results.
Conversions & Units,margin-calculator-29,Margin Calculator,Compute margin calculator with step-by-step results.
Conversions & Units,markup-calculator-30,Markup Calculator,Compute markup calculator with step-by-step results.
Conversions & Units,percentage-increase-calculator-31,Percentage Increase Calculator,Compute percentage increase calculator with step-by-step results.
Conversions & Units,percentage-decrease-calculator-32,Percentage Decrease Calculator,Compute percentage decrease calculator with step-by-step results.
Conversions & Units,percentage-change-calculator-33,Percentage Change Calculator,Compute percentage change calculator with step-by-step results.
Conversions & Units,what-is-x-percent-of-y-calculator-34,What Is X% of Y Calculator,Compute what is x% of y calculator with step-by-step results.
Conversions & Units,discount-(percentage-off)-calculator-35,Discount (Percentage Off) Calculator,Compute discount (percentage off) calculator with step-by-step results.
Conversions & Units,tip-calculator-36,Tip Calculator,Compute tip calculator with step-by-step results.
Conversions & Units,sales-tax-vat-calculator-37,Sales Tax/VAT Calculator,Compute sales tax/vat calculator with step-by-step results.
Conversions & Units,commission-calculator-38,Commission Calculator,Compute commission calculator with step-by-step results.
Conversions & Units,margin-calculator-39,Margin Calculator,Compute margin calculator with step-by-step results.
Conversions & Units,markup-calculator-40,Markup Calculator,Compute markup calculator with step-by-step results.
Conversions & Units,percentage-increase-calculator-41,Percentage Increase Calculator,Compute percentage increase calculator with step-by-step results.
Conversions & Units,percentage-decrease-calculator-42,Percentage Decrease Calculator,Compute percentage decrease calculator with step-by-step results.
Conversions & Units,percentage-change-calculator-43,Percentage Change Calculator,Compute percentage change calculator with step-by-step results.
Conversions & Units,what-is-x-percent-of-y-calculator-44,What Is X% of Y Calculator,Compute what is x% of y calculator with step-by-step results.
Conversions & Units,discount-(percentage-off)-calculator-45,Discount (Percentage Off) Calculator,Compute discount (percentage off) calculator with step-by-step results.
Conversions & Units,tip-calculator-46,Tip Calculator,Compute tip calculator with step-by-step results.
Conversions & Units,sales-tax-vat-calculator-47,Sales Tax/VAT Calculator,Compute sales tax/vat calculator with step-by-step results.
Conversions & Units,commission-calculator-48,Commission Calculator,Compute commission calculator with step-by-step results.
Conversions & Units,margin-calculator-49,Margin Calculator,Compute margin calculator with step-by-step results.
Conversions & Units,markup-calculator-50,Markup Calculator,Compute markup calculator with step-by-step results.
Conversions & Units,percentage-increase-calculator-51,Percentage Increase Calculator,Compute percentage increase calculator with step-by-step results.
Conversions & Units,percentage-decrease-calculator-52,Percentage Decrease Calculator,Compute percentage decrease calculator with step-by-step results.
Conversions & Units,percentage-change-calculator-53,Percentage Change Calculator,Compute percentage change calculator with step-by-step results.
Conversions & Units,what-is-x-percent-of-y-calculator-54,What Is X% of Y Calculator,Compute what is x% of y calculator with step-by-step results.
Conversions & Units,discount-(percentage-off)-calculator-55,Discount (Percentage Off) Calculator,Compute discount (percentage off) calculator with step-by-step results.
Conversions & Units,tip-calculator-56,Tip Calculator,Compute tip calculator with step-by-step results.
Conversions & Units,sales-tax-vat-calculator-57,Sales Tax/VAT Calculator,Compute sales tax/vat calculator with step-by-step results.
Conversions & Units,commission-calculator-58,Commission Calculator,Compute commission calculator with step-by-step results.
Conversions & Units,margin-calculator-59,Margin Calculator,Compute margin calculator with step-by-step results.
Conversions & Units,markup-calculator-60,Markup Calculator,Compute markup calculator with step-by-step results.
Conversions & Units,percentage-increase-calculator-61,Percentage Increase Calculator,Compute percentage increase calculator with step-by-step results.
Conversions & Units,percentage-decrease-calculator-62,Percentage Decrease Calculator,Compute percentage decrease calculator with step-by-step results.
Conversions & Units,percentage-change-calculator-63,Percentage Change Calculator,Compute percentage change calculator with step-by-step results.
Conversions & Units,what-is-x-percent-of-y-calculator-64,What Is X% of Y Calculator,Compute what is x% of y calculator with step-by-step results.
Conversions & Units,discount-(percentage-off)-calculator-65,Discount (Percentage Off) Calculator,Compute discount (percentage off) calculator with step-by-step results.
Conversions & Units,tip-calculator-66,Tip Calculator,Compute tip calculator with step-by-step results.
Conversions & Units,sales-tax-vat-calculator-67,Sales Tax/VAT Calculator,Compute sales tax/vat calculator with step-by-step results.
Conversions & Units,commission-calculator-68,Commission Calculator,Compute commission calculator with step-by-step results.
Conversions & Units,margin-calculator-69,Margin Calculator,Compute margin calculator with step-by-step results.
Conversions & Units,markup-calculator-70,Markup Calculator,Compute markup calculator with step-by-step results.
Conversions & Units,percentage-increase-calculator-71,Percentage Increase Calculator,Compute percentage increase calculator with step-by-step results.
Conversions & Units,percentage-decrease-calculator-72,Percentage Decrease Calculator,Compute percentage decrease calculator with step-by-step results.
Conversions & Units,percentage-change-calculator-73,Percentage Change Calculator,Compute percentage change calculator with step-by-step results.
Conversions & Units,what-is-x-percent-of-y-calculator-74,What Is X% of Y Calculator,Compute what is x% of y calculator with step-by-step results.
Conversions & Units,discount-(percentage-off)-calculator-75,Discount (Percentage Off) Calculator,Compute discount (percentage off) calculator with step-by-step results.
Conversions & Units,tip-calculator-76,Tip Calculator,Compute tip calculator with step-by-step results.
Conversions & Units,sales-tax-vat-calculator-77,Sales Tax/VAT Calculator,Compute sales tax/vat calculator with step-by-step results.
Conversions & Units,commission-calculator-78,Commission Calculator,Compute commission calculator with step-by-step results.
Conversions & Units,margin-calculator-79,Margin Calculator,Compute margin calculator with step-by-step results.
Conversions & Units,markup-calculator-80,Markup Calculator,Compute markup calculator with step-by-step results.
Health & Fitness,percentage-increase-calculator-1,Percentage Increase Calculator,Compute percentage increase calculator with step-by-step results.
Health & Fitness,percentage-decrease-calculator-2,Percentage Decrease Calculator,Compute percentage decrease calculator with step-by-step results.
Health & Fitness,percentage-change-calculator-3,Percentage Change Calculator,Compute percentage change calculator with step-by-step results.
Health & Fitness,what-is-x-percent-of-y-calculator-4,What Is X% of Y Calculator,Compute what is x% of y calculator with step-by-step results.
Health & Fitness,discount-(percentage-off)-calculator-5,Discount (Percentage Off) Calculator,Compute discount (percentage off) calculator with step-by-step results.
Health & Fitness,tip-calculator-6,Tip Calculator,Compute tip calculator with step-by-step results.
Health & Fitness,sales-tax-vat-calculator-7,Sales Tax/VAT Calculator,Compute sales tax/vat calculator with step-by-step results.
Health & Fitness,commission-calculator-8,Commission Calculator,Compute commission calculator with step-by-step results.
Health & Fitness,margin-calculator-9,Margin Calculator,Compute margin calculator with step-by-step results.
Health & Fitness,markup-calculator-10,Markup Calculator,Compute markup calculator with step-by-step results.
Health & Fitness,percentage-increase-calculator-11,Percentage Increase Calculator,Compute percentage increase calculator with step-by-step results.
Health & Fitness,percentage-decrease-calculator-12,Percentage Decrease Calculator,Compute percentage decrease calculator with step-by-step results.
Health & Fitness,percentage-change-calculator-13,Percentage Change Calculator,Compute percentage change calculator with step-by-step results.
Health & Fitness,what-is-x-percent-of-y-calculator-14,What Is X% of Y Calculator,Compute what is x% of y calculator with step-by-step results.
Health & Fitness,discount-(percentage-off)-calculator-15,Discount (Percentage Off) Calculator,Compute discount (percentage off) calculator with step-by-step results.
Health & Fitness,tip-calculator-16,Tip Calculator,Compute tip calculator with step-by-step results.
Health & Fitness,sales-tax-vat-calculator-17,Sales Tax/VAT Calculator,Compute sales tax/vat calculator with step-by-step results.
Health & Fitness,commission-calculator-18,Commission Calculator,Compute commission calculator with step-by-step results.
Health & Fitness,margin-calculator-19,Margin Calculator,Compute margin calculator with step-by-step results.
Health & Fitness,markup-calculator-20,Markup Calculator,Compute markup calculator with step-by-step results.
Health & Fitness,percentage-increase-calculator-21,Percentage Increase Calculator,Compute percentage increase calculator with step-by-step results.
Health & Fitness,percentage-decrease-calculator-22,Percentage Decrease Calculator,Compute percentage decrease calculator with step-by-step results.
Health & Fitness,percentage-change-calculator-23,Percentage Change Calculator,Compute percentage change calculator with step-by-step results.
Health & Fitness,what-is-x-percent-of-y-calculator-24,What Is X% of Y Calculator,Compute what is x% of y calculator with step-by-step results.
Health & Fitness,discount-(percentage-off)-calculator-25,Discount (Percentage Off) Calculator,Compute discount (percentage off) calculator with step-by-step results.
Health & Fitness,tip-calculator-26,Tip Calculator,Compute tip calculator with step-by-step results.
Health & Fitness,sales-tax-vat-calculator-27,Sales Tax/VAT Calculator,Compute sales tax/vat calculator with step-by-step results.
Health & Fitness,commission-calculator-28,Commission Calculator,Compute commission calculator with step-by-step results.
Health & Fitness,margin-calculator-29,Margin Calculator,Compute margin calculator with step-by-step results.
Health & Fitness,markup-calculator-30,Markup Calculator,Compute markup calculator with step-by-step results.
Health & Fitness,percentage-increase-calculator-31,Percentage Increase Calculator,Compute percentage increase calculator with step-by-step results.
Health & Fitness,percentage-decrease-calculator-32,Percentage Decrease Calculator,Compute percentage decrease calculator with step-by-step results.
Health & Fitness,percentage-change-calculator-33,Percentage Change Calculator,Compute percentage change calculator with step-by-step results.
Health & Fitness,what-is-x-percent-of-y-calculator-34,What Is X% of Y Calculator,Compute what is x% of y calculator with step-by-step results.
Health & Fitness,discount-(percentage-off)-calculator-35,Discount (Percentage Off) Calculator,Compute discount (percentage off) calculator with step-by-step results.
Health & Fitness,tip-calculator-36,Tip Calculator,Compute tip calculator with step-by-step results.
Health & Fitness,sales-tax-vat-calculator-37,Sales Tax/VAT Calculator,Compute sales tax/vat calculator with step-by-step results.
Health & Fitness,commission-calculator-38,Commission Calculator,Compute commission calculator with step-by-step results.
Health & Fitness,margin-calculator-39,Margin Calculator,Compute margin calculator with step-by-step results.
Health & Fitness,markup-calculator-40,Markup Calculator,Compute markup calculator with step-by-step results.
Health & Fitness,percentage-increase-calculator-41,Percentage Increase Calculator,Compute percentage increase calculator with step-by-step results.
Health & Fitness,percentage-decrease-calculator-42,Percentage Decrease Calculator,Compute percentage decrease calculator with step-by-step results.
Health & Fitness,percentage-change-calculator-43,Percentage Change Calculator,Compute percentage change calculator with step-by-step results.
Health & Fitness,what-is-x-percent-of-y-calculator-44,What Is X% of Y Calculator,Compute what is x% of y calculator with step-by-step results.
Health & Fitness,discount-(percentage-off)-calculator-45,Discount (Percentage Off) Calculator,Compute discount (percentage off) calculator with step-by-step results.
Health & Fitness,tip-calculator-46,Tip Calculator,Compute tip calculator with step-by-step results.
Health & Fitness,sales-tax-vat-calculator-47,Sales Tax/VAT Calculator,Compute sales tax/vat calculator with step-by-step results.
Health & Fitness,commission-calculator-48,Commission Calculator,Compute commission calculator with step-by-step results.
Health & Fitness,margin-calculator-49,Margin Calculator,Compute margin calculator with step-by-step results.
Health & Fitness,markup-calculator-50,Markup Calculator,Compute markup calculator with step-by-step results.
Health & Fitness,percentage-increase-calculator-51,Percentage Increase Calculator,Compute percentage increase calculator with step-by-step results.
Health & Fitness,percentage-decrease-calculator-52,Percentage Decrease Calculator,Compute percentage decrease calculator with step-by-step results.
Health & Fitness,percentage-change-calculator-53,Percentage Change Calculator,Compute percentage change calculator with step-by-step results.
Health & Fitness,what-is-x-percent-of-y-calculator-54,What Is X% of Y Calculator,Compute what is x% of y calculator with step-by-step results.
Health & Fitness,discount-(percentage-off)-calculator-55,Discount (Percentage Off) Calculator,Compute discount (percentage off) calculator with step-by-step results.
Health & Fitness,tip-calculator-56,Tip Calculator,Compute tip calculator with step-by-step results.
Health & Fitness,sales-tax-vat-calculator-57,Sales Tax/VAT Calculator,Compute sales tax/vat calculator with step-by-step results.
Health & Fitness,commission-calculator-58,Commission Calculator,Compute commission calculator with step-by-step results.
Health & Fitness,margin-calculator-59,Margin Calculator,Compute margin calculator with step-by-step results.
Health & Fitness,markup-calculator-60,Markup Calculator,Compute markup calculator with step-by-step results.
Health & Fitness,percentage-increase-calculator-61,Percentage Increase Calculator,Compute percentage increase calculator with step-by-step results.
Health & Fitness,percentage-decrease-calculator-62,Percentage Decrease Calculator,Compute percentage decrease calculator with step-by-step results.
Health & Fitness,percentage-change-calculator-63,Percentage Change Calculator,Compute percentage change calculator with step-by-step results.
Health & Fitness,what-is-x-percent-of-y-calculator-64,What Is X% of Y Calculator,Compute what is x% of y calculator with step-by-step results.
Health & Fitness,discount-(percentage-off)-calculator-65,Discount (Percentage Off) Calculator,Compute discount (percentage off) calculator with step-by-step results.
Health & Fitness,tip-calculator-66,Tip Calculator,Compute tip calculator with step-by-step results.
Health & Fitness,sales-tax-vat-calculator-67,Sales Tax/VAT Calculator,Compute sales tax/vat calculator with step-by-step results.
Health & Fitness,commission-calculator-68,Commission Calculator,Compute commission calculator with step-by-step results.
Health & Fitness,margin-calculator-69,Margin Calculator,Compute margin calculator with step-by-step results.
Health & Fitness,markup-calculator-70,Markup Calculator,Compute markup calculator with step-by-step results.
Health & Fitness,percentage-increase-calculator-71,Percentage Increase Calculator,Compute percentage increase calculator with step-by-step results.
Health & Fitness,percentage-decrease-calculator-72,Percentage Decrease Calculator,Compute percentage decrease calculator with step-by-step results.
Health & Fitness,percentage-change-calculator-73,Percentage Change Calculator,Compute percentage change calculator with step-by-step results.
Health & Fitness,what-is-x-percent-of-y-calculator-74,What Is X% of Y Calculator,Compute what is x% of y calculator with step-by-step results.
Health & Fitness,discount-(percentage-off)-calculator-75,Discount (Percentage Off) Calculator,Compute discount (percentage off) calculator with step-by-step results.
Health & Fitness,tip-calculator-76,Tip Calculator,Compute tip calculator with step-by-step results.
Health & Fitness,sales-tax-vat-calculator-77,Sales Tax/VAT Calculator,Compute sales tax/vat calculator with step-by-step results.
Health & Fitness,commission-calculator-78,Commission Calculator,Compute commission calculator with step-by-step results.
Health & Fitness,margin-calculator-79,Margin Calculator,Compute margin calculator with step-by-step results.
Health & Fitness,markup-calculator-80,Markup Calculator,Compute markup calculator with step-by-step results.
Time & Date,percentage-increase-calculator-1,Percentage Increase Calculator,Compute percentage increase calculator with step-by-step results.
Time & Date,percentage-decrease-calculator-2,Percentage Decrease Calculator,Compute percentage decrease calculator with step-by-step results.
Time & Date,percentage-change-calculator-3,Percentage Change Calculator,Compute percentage change calculator with step-by-step results.
Time & Date,what-is-x-percent-of-y-calculator-4,What Is X% of Y Calculator,Compute what is x% of y calculator with step-by-step results.
Time & Date,discount-(percentage-off)-calculator-5,Discount (Percentage Off) Calculator,Compute discount (percentage off) calculator with step-by-step results.
Time & Date,tip-calculator-6,Tip Calculator,Compute tip calculator with step-by-step results.
Time & Date,sales-tax-vat-calculator-7,Sales Tax/VAT Calculator,Compute sales tax/vat calculator with step-by-step results.
Time & Date,commission-calculator-8,Commission Calculator,Compute commission calculator with step-by-step results.
Time & Date,margin-calculator-9,Margin Calculator,Compute margin calculator with step-by-step results.
Time & Date,markup-calculator-10,Markup Calculator,Compute markup calculator with step-by-step results.
Time & Date,percentage-increase-calculator-11,Percentage Increase Calculator,Compute percentage increase calculator with step-by-step results.
Time & Date,percentage-decrease-calculator-12,Percentage Decrease Calculator,Compute percentage decrease calculator with step-by-step results.
Time & Date,percentage-change-calculator-13,Percentage Change Calculator,Compute percentage change calculator with step-by-step results.
Time & Date,what-is-x-percent-of-y-calculator-14,What Is X% of Y Calculator,Compute what is x% of y calculator with step-by-step results.
Time & Date,discount-(percentage-off)-calculator-15,Discount (Percentage Off) Calculator,Compute discount (percentage off) calculator with step-by-step results.
Time & Date,tip-calculator-16,Tip Calculator,Compute tip calculator with step-by-step results.
Time & Date,sales-tax-vat-calculator-17,Sales Tax/VAT Calculator,Compute sales tax/vat calculator with step-by-step results.
Time & Date,commission-calculator-18,Commission Calculator,Compute commission calculator with step-by-step results.
Time & Date,margin-calculator-19,Margin Calculator,Compute margin calculator with step-by-step results.
Time & Date,markup-calculator-20,Markup Calculator,Compute markup calculator with step-by-step results.
Time & Date,percentage-increase-calculator-21,Percentage Increase Calculator,Compute percentage increase calculator with step-by-step results.
Time & Date,percentage-decrease-calculator-22,Percentage Decrease Calculator,Compute percentage decrease calculator with step-by-step results.
Time & Date,percentage-change-calculator-23,Percentage Change Calculator,Compute percentage change calculator with step-by-step results.
Time & Date,what-is-x-percent-of-y-calculator-24,What Is X% of Y Calculator,Compute what is x% of y calculator with step-by-step results.
Time & Date,discount-(percentage-off)-calculator-25,Discount (Percentage Off) Calculator,Compute discount (percentage off) calculator with step-by-step results.
Time & Date,tip-calculator-26,Tip Calculator,Compute tip calculator with step-by-step results.
Time & Date,sales-tax-vat-calculator-27,Sales Tax/VAT Calculator,Compute sales tax/vat calculator with step-by-step results.
Time & Date,commission-calculator-28,Commission Calculator,Compute commission calculator with step-by-step results.
Time & Date,margin-calculator-29,Margin Calculator,Compute margin calculator with step-by-step results.
Time & Date,markup-calculator-30,Markup Calculator,Compute markup calculator with step-by-step results.
Time & Date,percentage-increase-calculator-31,Percentage Increase Calculator,Compute percentage increase calculator with step-by-step results.
Time & Date,percentage-decrease-calculator-32,Percentage Decrease Calculator,Compute percentage decrease calculator with step-by-step results.
Time & Date,percentage-change-calculator-33,Percentage Change Calculator,Compute percentage change calculator with step-by-step results.
Time & Date,what-is-x-percent-of-y-calculator-34,What Is X% of Y Calculator,Compute what is x% of y calculator with step-by-step results.
Time & Date,discount-(percentage-off)-calculator-35,Discount (Percentage Off) Calculator,Compute discount (percentage off) calculator with step-by-step results.
Time & Date,tip-calculator-36,Tip Calculator,Compute tip calculator with step-by-step results.
Time & Date,sales-tax-vat-calculator-37,Sales Tax/VAT Calculator,Compute sales tax/vat calculator with step-by-step results.
Time & Date,commission-calculator-38,Commission Calculator,Compute commission calculator with step-by-step results.
Time & Date,margin-calculator-39,Margin Calculator,Compute margin calculator with step-by-step results.
Time & Date,markup-calculator-40,Markup Calculator,Compute markup calculator with step-by-step results.
Time & Date,percentage-increase-calculator-41,Percentage Increase Calculator,Compute percentage increase calculator with step-by-step results.
Time & Date,percentage-decrease-calculator-42,Percentage Decrease Calculator,Compute percentage decrease calculator with step-by-step results.
Time & Date,percentage-change-calculator-43,Percentage Change Calculator,Compute percentage change calculator with step-by-step results.
Time & Date,what-is-x-percent-of-y-calculator-44,What Is X% of Y Calculator,Compute what is x% of y calculator with step-by-step results.
Time & Date,discount-(percentage-off)-calculator-45,Discount (Percentage Off) Calculator,Compute discount (percentage off) calculator with step-by-step results.
Time & Date,tip-calculator-46,Tip Calculator,Compute tip calculator with step-by-step results.
Time & Date,sales-tax-vat-calculator-47,Sales Tax/VAT Calculator,Compute sales tax/vat calculator with step-by-step results.
Time & Date,commission-calculator-48,Commission Calculator,Compute commission calculator with step-by-step results.
Time & Date,margin-calculator-49,Margin Calculator,Compute margin calculator with step-by-step results.
Time & Date,markup-calculator-50,Markup Calculator,Compute markup calculator with step-by-step results.
Time & Date,percentage-increase-calculator-51,Percentage Increase Calculator,Compute percentage increase calculator with step-by-step results.
Time & Date,percentage-decrease-calculator-52,Percentage Decrease Calculator,Compute percentage decrease calculator with step-by-step results.
Time & Date,percentage-change-calculator-53,Percentage Change Calculator,Compute percentage change calculator with step-by-step results.
Time & Date,what-is-x-percent-of-y-calculator-54,What Is X% of Y Calculator,Compute what is x% of y calculator with step-by-step results.
Time & Date,discount-(percentage-off)-calculator-55,Discount (Percentage Off) Calculator,Compute discount (percentage off) calculator with step-by-step results.
Time & Date,tip-calculator-56,Tip Calculator,Compute tip calculator with step-by-step results.
Time & Date,sales-tax-vat-calculator-57,Sales Tax/VAT Calculator,Compute sales tax/vat calculator with step-by-step results.
Time & Date,commission-calculator-58,Commission Calculator,Compute commission calculator with step-by-step results.
Time & Date,margin-calculator-59,Margin Calculator,Compute margin calculator with step-by-step results.
Time & Date,markup-calculator-60,Markup Calculator,Compute markup calculator with step-by-step results.
Time & Date,percentage-increase-calculator-61,Percentage Increase Calculator,Compute percentage increase calculator with step-by-step results.
Time & Date,percentage-decrease-calculator-62,Percentage Decrease Calculator,Compute percentage decrease calculator with step-by-step results.
Time & Date,percentage-change-calculator-63,Percentage Change Calculator,Compute percentage change calculator with step-by-step results.
Time & Date,what-is-x-percent-of-y-calculator-64,What Is X% of Y Calculator,Compute what is x% of y calculator with step-by-step results.
Time & Date,discount-(percentage-off)-calculator-65,Discount (Percentage Off) Calculator,Compute discount (percentage off) calculator with step-by-step results.
Time & Date,tip-calculator-66,Tip Calculator,Compute tip calculator with step-by-step results.
Time & Date,sales-tax-vat-calculator-67,Sales Tax/VAT Calculator,Compute sales tax/vat calculator with step-by-step results.
Time & Date,commission-calculator-68,Commission Calculator,Compute commission calculator with step-by-step results.
Time & Date,margin-calculator-69,Margin Calculator,Compute margin calculator with step-by-step results.
Time & Date,markup-calculator-70,Markup Calculator,Compute markup calculator with step-by-step results.
Time & Date,percentage-increase-calculator-71,Percentage Increase Calculator,Compute percentage increase calculator with step-by-step results.
Time & Date,percentage-decrease-calculator-72,Percentage Decrease Calculator,Compute percentage decrease calculator with step-by-step results.
Time & Date,percentage-change-calculator-73,Percentage Change Calculator,Compute percentage change calculator with step-by-step results.
Time & Date,what-is-x-percent-of-y-calculator-74,What Is X% of Y Calculator,Compute what is x% of y calculator with step-by-step results.
Time & Date,discount-(percentage-off)-calculator-75,Discount (Percentage Off) Calculator,Compute discount (percentage off) calculator with step-by-step results.
Time & Date,tip-calculator-76,Tip Calculator,Compute tip calculator with step-by-step results.
Time & Date,sales-tax-vat-calculator-77,Sales Tax/VAT Calculator,Compute sales tax/vat calculator with step-by-step results.
Time & Date,commission-calculator-78,Commission Calculator,Compute commission calculator with step-by-step results.
Time & Date,margin-calculator-79,Margin Calculator,Compute margin calculator with step-by-step results.
Time & Date,markup-calculator-80,Markup Calculator,Compute markup calculator with step-by-step results.
Geometry & Math,percentage-increase-calculator-1,Percentage Increase Calculator,Compute percentage increase calculator with step-by-step results.
Geometry & Math,percentage-decrease-calculator-2,Percentage Decrease Calculator,Compute percentage decrease calculator with step-by-step results.
Geometry & Math,percentage-change-calculator-3,Percentage Change Calculator,Compute percentage change calculator with step-by-step results.
Geometry & Math,what-is-x-percent-of-y-calculator-4,What Is X% of Y Calculator,Compute what is x% of y calculator with step-by-step results.
Geometry & Math,discount-(percentage-off)-calculator-5,Discount (Percentage Off) Calculator,Compute discount (percentage off) calculator with step-by-step results.
Geometry & Math,tip-calculator-6,Tip Calculator,Compute tip calculator with step-by-step results.
Geometry & Math,sales-tax-vat-calculator-7,Sales Tax/VAT Calculator,Compute sales tax/vat calculator with step-by-step results.
Geometry & Math,commission-calculator-8,Commission Calculator,Compute commission calculator with step-by-step results.
Geometry & Math,margin-calculator-9,Margin Calculator,Compute margin calculator with step-by-step results.
Geometry & Math,markup-calculator-10,Markup Calculator,Compute markup calculator with step-by-step results.
Geometry & Math,percentage-increase-calculator-11,Percentage Increase Calculator,Compute percentage increase calculator with step-by-step results.
Geometry & Math,percentage-decrease-calculator-12,Percentage Decrease Calculator,Compute percentage decrease calculator with step-by-step results.
Geometry & Math,percentage-change-calculator-13,Percentage Change Calculator,Compute percentage change calculator with step-by-step results.
Geometry & Math,what-is-x-percent-of-y-calculator-14,What Is X% of Y Calculator,Compute what is x% of y calculator with step-by-step results.
Geometry & Math,discount-(percentage-off)-calculator-15,Discount (Percentage Off) Calculator,Compute discount (percentage off) calculator with step-by-step results.
Geometry & Math,tip-calculator-16,Tip Calculator,Compute tip calculator with step-by-step results.
Geometry & Math,sales-tax-vat-calculator-17,Sales Tax/VAT Calculator,Compute sales tax/vat calculator with step-by-step results.
Geometry & Math,commission-calculator-18,Commission Calculator,Compute commission calculator with step-by-step results.
Geometry & Math,margin-calculator-19,Margin Calculator,Compute margin calculator with step-by-step results.
Geometry & Math,markup-calculator-20,Markup Calculator,Compute markup calculator with step-by-step results.
Geometry & Math,percentage-increase-calculator-21,Percentage Increase Calculator,Compute percentage increase calculator with step-by-step results.
Geometry & Math,percentage-decrease-calculator-22,Percentage Decrease Calculator,Compute percentage decrease calculator with step-by-step results.
Geometry & Math,percentage-change-calculator-23,Percentage Change Calculator,Compute percentage change calculator with step-by-step results.
Geometry & Math,what-is-x-percent-of-y-calculator-24,What Is X% of Y Calculator,Compute what is x% of y calculator with step-by-step results.
Geometry & Math,discount-(percentage-off)-calculator-25,Discount (Percentage Off) Calculator,Compute discount (percentage off) calculator with step-by-step results.
Geometry & Math,tip-calculator-26,Tip Calculator,Compute tip calculator with step-by-step results.
Geometry & Math,sales-tax-vat-calculator-27,Sales Tax/VAT Calculator,Compute sales tax/vat calculator with step-by-step results.
Geometry & Math,commission-calculator-28,Commission Calculator,Compute commission calculator with step-by-step results.
Geometry & Math,margin-calculator-29,Margin Calculator,Compute margin calculator with step-by-step results.
Geometry & Math,markup-calculator-30,Markup Calculator,Compute markup calculator with step-by-step results.
Geometry & Math,percentage-increase-calculator-31,Percentage Increase Calculator,Compute percentage increase calculator with step-by-step results.
Geometry & Math,percentage-decrease-calculator-32,Percentage Decrease Calculator,Compute percentage decrease calculator with step-by-step results.
Geometry & Math,percentage-change-calculator-33,Percentage Change Calculator,Compute percentage change calculator with step-by-step results.
Geometry & Math,what-is-x-percent-of-y-calculator-34,What Is X% of Y Calculator,Compute what is x% of y calculator with step-by-step results.
Geometry & Math,discount-(percentage-off)-calculator-35,Discount (Percentage Off) Calculator,Compute discount (percentage off) calculator with step-by-step results.
Geometry & Math,tip-calculator-36,Tip Calculator,Compute tip calculator with step-by-step results.
Geometry & Math,sales-tax-vat-calculator-37,Sales Tax/VAT Calculator,Compute sales tax/vat calculator with step-by-step results.
Geometry & Math,commission-calculator-38,Commission Calculator,Compute commission calculator with step-by-step results.
Geometry & Math,margin-calculator-39,Margin Calculator,Compute margin calculator with step-by-step results.
Geometry & Math,markup-calculator-40,Markup Calculator,Compute markup calculator with step-by-step results.
Geometry & Math,percentage-increase-calculator-41,Percentage Increase Calculator,Compute percentage increase calculator with step-by-step results.
Geometry & Math,percentage-decrease-calculator-42,Percentage Decrease Calculator,Compute percentage decrease calculator with step-by-step results.
Geometry & Math,percentage-change-calculator-43,Percentage Change Calculator,Compute percentage change calculator with step-by-step results.
Geometry & Math,what-is-x-percent-of-y-calculator-44,What Is X% of Y Calculator,Compute what is x% of y calculator with step-by-step results.
Geometry & Math,discount-(percentage-off)-calculator-45,Discount (Percentage Off) Calculator,Compute discount (percentage off) calculator with step-by-step results.
Geometry & Math,tip-calculator-46,Tip Calculator,Compute tip calculator with step-by-step results.
Geometry & Math,sales-tax-vat-calculator-47,Sales Tax/VAT Calculator,Compute sales tax/vat calculator with step-by-step results.
Geometry & Math,commission-calculator-48,Commission Calculator,Compute commission calculator with step-by-step results.
Geometry & Math,margin-calculator-49,Margin Calculator,Compute margin calculator with step-by-step results.
Geometry & Math,markup-calculator-50,Markup Calculator,Compute markup calculator with step-by-step results.
Geometry & Math,percentage-increase-calculator-51,Percentage Increase Calculator,Compute percentage increase calculator with step-by-step results.
Geometry & Math,percentage-decrease-calculator-52,Percentage Decrease Calculator,Compute percentage decrease calculator with step-by-step results.
Geometry & Math,percentage-change-calculator-53,Percentage Change Calculator,Compute percentage change calculator with step-by-step results.
Geometry & Math,what-is-x-percent-of-y-calculator-54,What Is X% of Y Calculator,Compute what is x% of y calculator with step-by-step results.
Geometry & Math,discount-(percentage-off)-calculator-55,Discount (Percentage Off) Calculator,Compute discount (percentage off) calculator with step-by-step results.
Geometry & Math,tip-calculator-56,Tip Calculator,Compute tip calculator with step-by-step results.
Geometry & Math,sales-tax-vat-calculator-57,Sales Tax/VAT Calculator,Compute sales tax/vat calculator with step-by-step results.
Geometry & Math,commission-calculator-58,Commission Calculator,Compute commission calculator with step-by-step results.
Geometry & Math,margin-calculator-59,Margin Calculator,Compute margin calculator with step-by-step results.
Geometry & Math,markup-calculator-60,Markup Calculator,Compute markup calculator with step-by-step results.
Geometry & Math,percentage-increase-calculator-61,Percentage Increase Calculator,Compute percentage increase calculator with step-by-step results.
Geometry & Math,percentage-decrease-calculator-62,Percentage Decrease Calculator,Compute percentage decrease calculator with step-by-step results.
Geometry & Math,percentage-change-calculator-63,Percentage Change Calculator,Compute percentage change calculator with step-by-step results.
Geometry & Math,what-is-x-percent-of-y-calculator-64,What Is X% of Y Calculator,Compute what is x% of y calculator with step-by-step results.
Geometry & Math,discount-(percentage-off)-calculator-65,Discount (Percentage Off) Calculator,Compute discount (percentage off) calculator with step-by-step results.
Geometry & Math,tip-calculator-66,Tip Calculator,Compute tip calculator with step-by-step results.
Geometry & Math,sales-tax-vat-calculator-67,Sales Tax/VAT Calculator,Compute sales tax/vat calculator with step-by-step results.
Geometry & Math,commission-calculator-68,Commission Calculator,Compute commission calculator with step-by-step results.
Geometry & Math,margin-calculator-69,Margin Calculator,Compute margin calculator with step-by-step results.
Geometry & Math,markup-calculator-70,Markup Calculator,Compute markup calculator with step-by-step results.
Geometry & Math,percentage-increase-calculator-71,Percentage Increase Calculator,Compute percentage increase calculator with step-by-step results.
Geometry & Math,percentage-decrease-calculator-72,Percentage Decrease Calculator,Compute percentage decrease calculator with step-by-step results.
Geometry & Math,percentage-change-calculator-73,Percentage Change Calculator,Compute percentage change calculator with step-by-step results.
Geometry & Math,what-is-x-percent-of-y-calculator-74,What Is X% of Y Calculator,Compute what is x% of y calculator with step-by-step results.
Geometry & Math,discount-(percentage-off)-calculator-75,Discount (Percentage Off) Calculator,Compute discount (percentage off) calculator with step-by-step results.
Geometry & Math,tip-calculator-76,Tip Calculator,Compute tip calculator with step-by-step results.
Geometry & Math,sales-tax-vat-calculator-77,Sales Tax/VAT Calculator,Compute sales tax/vat calculator with step-by-step results.
Geometry & Math,commission-calculator-78,Commission Calculator,Compute commission calculator with step-by-step results.
Geometry & Math,margin-calculator-79,Margin Calculator,Compute margin calculator with step-by-step results.
Geometry & Math,markup-calculator-80,Markup Calculator,Compute markup calculator with step-by-step results.
Business Operations,percentage-increase-calculator-1,Percentage Increase Calculator,Compute percentage increase calculator with step-by-step results.
Business Operations,percentage-decrease-calculator-2,Percentage Decrease Calculator,Compute percentage decrease calculator with step-by-step results.
Business Operations,percentage-change-calculator-3,Percentage Change Calculator,Compute percentage change calculator with step-by-step results.
Business Operations,what-is-x-percent-of-y-calculator-4,What Is X% of Y Calculator,Compute what is x% of y calculator with step-by-step results.
Business Operations,discount-(percentage-off)-calculator-5,Discount (Percentage Off) Calculator,Compute discount (percentage off) calculator with step-by-step results.
Business Operations,tip-calculator-6,Tip Calculator,Compute tip calculator with step-by-step results.
Business Operations,sales-tax-vat-calculator-7,Sales Tax/VAT Calculator,Compute sales tax/vat calculator with step-by-step results.
Business Operations,commission-calculator-8,Commission Calculator,Compute commission calculator with step-by-step results.
Business Operations,margin-calculator-9,Margin Calculator,Compute margin calculator with step-by-step results.
Business Operations,markup-calculator-10,Markup Calculator,Compute markup calculator with step-by-step results.
Business Operations,percentage-increase-calculator-11,Percentage Increase Calculator,Compute percentage increase calculator with step-by-step results.
Business Operations,percentage-decrease-calculator-12,Percentage Decrease Calculator,Compute percentage decrease calculator with step-by-step results.
Business Operations,percentage-change-calculator-13,Percentage Change Calculator,Compute percentage change calculator with step-by-step results.
Business Operations,what-is-x-percent-of-y-calculator-14,What Is X% of Y Calculator,Compute what is x% of y calculator with step-by-step results.
Business Operations,discount-(percentage-off)-calculator-15,Discount (Percentage Off) Calculator,Compute discount (percentage off) calculator with step-by-step results.
Business Operations,tip-calculator-16,Tip Calculator,Compute tip calculator with step-by-step results.
Business Operations,sales-tax-vat-calculator-17,Sales Tax/VAT Calculator,Compute sales tax/vat calculator with step-by-step results.
Business Operations,commission-calculator-18,Commission Calculator,Compute commission calculator with step-by-step results.
Business Operations,margin-calculator-19,Margin Calculator,Compute margin calculator with step-by-step results.
Business Operations,markup-calculator-20,Markup Calculator,Compute markup calculator with step-by-step results.
Business Operations,percentage-increase-calculator-21,Percentage Increase Calculator,Compute percentage increase calculator with step-by-step results.
Business Operations,percentage-decrease-calculator-22,Percentage Decrease Calculator,Compute percentage decrease calculator with step-by-step results.
Business Operations,percentage-change-calculator-23,Percentage Change Calculator,Compute percentage change calculator with step-by-step results.
Business Operations,what-is-x-percent-of-y-calculator-24,What Is X% of Y Calculator,Compute what is x% of y calculator with step-by-step results.
Business Operations,discount-(percentage-off)-calculator-25,Discount (Percentage Off) Calculator,Compute discount (percentage off) calculator with step-by-step results.
Business Operations,tip-calculator-26,Tip Calculator,Compute tip calculator with step-by-step results.
Business Operations,sales-tax-vat-calculator-27,Sales Tax/VAT Calculator,Compute sales tax/vat calculator with step-by-step results.
Business Operations,commission-calculator-28,Commission Calculator,Compute commission calculator with step-by-step results.
Business Operations,margin-calculator-29,Margin Calculator,Compute margin calculator with step-by-step results.
Business Operations,markup-calculator-30,Markup Calculator,Compute markup calculator with step-by-step results.
Business Operations,percentage-increase-calculator-31,Percentage Increase Calculator,Compute percentage increase calculator with step-by-step results.
Business Operations,percentage-decrease-calculator-32,Percentage Decrease Calculator,Compute percentage decrease calculator with step-by-step results.
Business Operations,percentage-change-calculator-33,Percentage Change Calculator,Compute percentage change calculator with step-by-step results.
Business Operations,what-is-x-percent-of-y-calculator-34,What Is X% of Y Calculator,Compute what is x% of y calculator with step-by-step results.
Business Operations,discount-(percentage-off)-calculator-35,Discount (Percentage Off) Calculator,Compute discount (percentage off) calculator with step-by-step results.
Business Operations,tip-calculator-36,Tip Calculator,Compute tip calculator with step-by-step results.
Business Operations,sales-tax-vat-calculator-37,Sales Tax/VAT Calculator,Compute sales tax/vat calculator with step-by-step results.
Business Operations,commission-calculator-38,Commission Calculator,Compute commission calculator with step-by-step results.
Business Operations,margin-calculator-39,Margin Calculator,Compute margin calculator with step-by-step results.
Business Operations,markup-calculator-40,Markup Calculator,Compute markup calculator with step-by-step results.
Business Operations,percentage-increase-calculator-41,Percentage Increase Calculator,Compute percentage increase calculator with step-by-step results.
Business Operations,percentage-decrease-calculator-42,Percentage Decrease Calculator,Compute percentage decrease calculator with step-by-step results.
Business Operations,percentage-change-calculator-43,Percentage Change Calculator,Compute percentage change calculator with step-by-step results.
Business Operations,what-is-x-percent-of-y-calculator-44,What Is X% of Y Calculator,Compute what is x% of y calculator with step-by-step results.
Business Operations,discount-(percentage-off)-calculator-45,Discount (Percentage Off) Calculator,Compute discount (percentage off) calculator with step-by-step results.
Business Operations,tip-calculator-46,Tip Calculator,Compute tip calculator with step-by-step results.
Business Operations,sales-tax-vat-calculator-47,Sales Tax/VAT Calculator,Compute sales tax/vat calculator with step-by-step results.
Business Operations,commission-calculator-48,Commission Calculator,Compute commission calculator with step-by-step results.
Business Operations,margin-calculator-49,Margin Calculator,Compute margin calculator with step-by-step results.
Business Operations,markup-calculator-50,Markup Calculator,Compute markup calculator with step-by-step results.
Business Operations,percentage-increase-calculator-51,Percentage Increase Calculator,Compute percentage increase calculator with step-by-step results.
Business Operations,percentage-decrease-calculator-52,Percentage Decrease Calculator,Compute percentage decrease calculator with step-by-step results.
Business Operations,percentage-change-calculator-53,Percentage Change Calculator,Compute percentage change calculator with step-by-step results.
Business Operations,what-is-x-percent-of-y-calculator-54,What Is X% of Y Calculator,Compute what is x% of y calculator with step-by-step results.
Business Operations,discount-(percentage-off)-calculator-55,Discount (Percentage Off) Calculator,Compute discount (percentage off) calculator with step-by-step results.
Business Operations,tip-calculator-56,Tip Calculator,Compute tip calculator with step-by-step results.
Business Operations,sales-tax-vat-calculator-57,Sales Tax/VAT Calculator,Compute sales tax/vat calculator with step-by-step results.
Business Operations,commission-calculator-58,Commission Calculator,Compute commission calculator with step-by-step results.
Business Operations,margin-calculator-59,Margin Calculator,Compute margin calculator with step-by-step results.
Business Operations,markup-calculator-60,Markup Calculator,Compute markup calculator with step-by-step results.
Business Operations,percentage-increase-calculator-61,Percentage Increase Calculator,Compute percentage increase calculator with step-by-step results.
Business Operations,percentage-decrease-calculator-62,Percentage Decrease Calculator,Compute percentage decrease calculator with step-by-step results.
Business Operations,percentage-change-calculator-63,Percentage Change Calculator,Compute percentage change calculator with step-by-step results.
Business Operations,what-is-x-percent-of-y-calculator-64,What Is X% of Y Calculator,Compute what is x% of y calculator with step-by-step results.
Business Operations,discount-(percentage-off)-calculator-65,Discount (Percentage Off) Calculator,Compute discount (percentage off) calculator with step-by-step results.
Business Operations,tip-calculator-66,Tip Calculator,Compute tip calculator with step-by-step results.
Business Operations,sales-tax-vat-calculator-67,Sales Tax/VAT Calculator,Compute sales tax/vat calculator with step-by-step results.
Business Operations,commission-calculator-68,Commission Calculator,Compute commission calculator with step-by-step results.
Business Operations,margin-calculator-69,Margin Calculator,Compute margin calculator with step-by-step results.
Business Operations,markup-calculator-70,Markup Calculator,Compute markup calculator with step-by-step results.
Business Operations,percentage-increase-calculator-71,Percentage Increase Calculator,Compute percentage increase calculator with step-by-step results.
Business Operations,percentage-decrease-calculator-72,Percentage Decrease Calculator,Compute percentage decrease calculator with step-by-step results.
Business Operations,percentage-change-calculator-73,Percentage Change Calculator,Compute percentage change calculator with step-by-step results.
Business Operations,what-is-x-percent-of-y-calculator-74,What Is X% of Y Calculator,Compute what is x% of y calculator with step-by-step results.
Business Operations,discount-(percentage-off)-calculator-75,Discount (Percentage Off) Calculator,Compute discount (percentage off) calculator with step-by-step results.
Business Operations,tip-calculator-76,Tip Calculator,Compute tip calculator with step-by-step results.
Business Operations,sales-tax-vat-calculator-77,Sales Tax/VAT Calculator,Compute sales tax/vat calculator with step-by-step results.
Business Operations,commission-calculator-78,Commission Calculator,Compute commission calculator with step-by-step results.
Business Operations,margin-calculator-79,Margin Calculator,Compute margin calculator with step-by-step results.
Business Operations,markup-calculator-80,Markup Calculator,Compute markup calculator with step-by-step results.
Web & Marketing,percentage-increase-calculator-1,Percentage Increase Calculator,Compute percentage increase calculator with step-by-step results.
Web & Marketing,percentage-decrease-calculator-2,Percentage Decrease Calculator,Compute percentage decrease calculator with step-by-step results.
Web & Marketing,percentage-change-calculator-3,Percentage Change Calculator,Compute percentage change calculator with step-by-step results.
Web & Marketing,what-is-x-percent-of-y-calculator-4,What Is X% of Y Calculator,Compute what is x% of y calculator with step-by-step results.
Web & Marketing,discount-(percentage-off)-calculator-5,Discount (Percentage Off) Calculator,Compute discount (percentage off) calculator with step-by-step results.
Web & Marketing,tip-calculator-6,Tip Calculator,Compute tip calculator with step-by-step results.
Web & Marketing,sales-tax-vat-calculator-7,Sales Tax/VAT Calculator,Compute sales tax/vat calculator with step-by-step results.
Web & Marketing,commission-calculator-8,Commission Calculator,Compute commission calculator with step-by-step results.
Web & Marketing,margin-calculator-9,Margin Calculator,Compute margin calculator with step-by-step results.
Web & Marketing,markup-calculator-10,Markup Calculator,Compute markup calculator with step-by-step results.
Web & Marketing,percentage-increase-calculator-11,Percentage Increase Calculator,Compute percentage increase calculator with step-by-step results.
Web & Marketing,percentage-decrease-calculator-12,Percentage Decrease Calculator,Compute percentage decrease calculator with step-by-step results.
Web & Marketing,percentage-change-calculator-13,Percentage Change Calculator,Compute percentage change calculator with step-by-step results.
Web & Marketing,what-is-x-percent-of-y-calculator-14,What Is X% of Y Calculator,Compute what is x% of y calculator with step-by-step results.
Web & Marketing,discount-(percentage-off)-calculator-15,Discount (Percentage Off) Calculator,Compute discount (percentage off) calculator with step-by-step results.
Web & Marketing,tip-calculator-16,Tip Calculator,Compute tip calculator with step-by-step results.
Web & Marketing,sales-tax-vat-calculator-17,Sales Tax/VAT Calculator,Compute sales tax/vat calculator with step-by-step results.
Web & Marketing,commission-calculator-18,Commission Calculator,Compute commission calculator with step-by-step results.
Web & Marketing,margin-calculator-19,Margin Calculator,Compute margin calculator with step-by-step results.
Web & Marketing,markup-calculator-20,Markup Calculator,Compute markup calculator with step-by-step results.
Web & Marketing,percentage-increase-calculator-21,Percentage Increase Calculator,Compute percentage increase calculator with step-by-step results.
Web & Marketing,percentage-decrease-calculator-22,Percentage Decrease Calculator,Compute percentage decrease calculator with step-by-step results.
Web & Marketing,percentage-change-calculator-23,Percentage Change Calculator,Compute percentage change calculator with step-by-step results.
Web & Marketing,what-is-x-percent-of-y-calculator-24,What Is X% of Y Calculator,Compute what is x% of y calculator with step-by-step results.
Web & Marketing,discount-(percentage-off)-calculator-25,Discount (Percentage Off) Calculator,Compute discount (percentage off) calculator with step-by-step results.
Web & Marketing,tip-calculator-26,Tip Calculator,Compute tip calculator with step-by-step results.
Web & Marketing,sales-tax-vat-calculator-27,Sales Tax/VAT Calculator,Compute sales tax/vat calculator with step-by-step results.
Web & Marketing,commission-calculator-28,Commission Calculator,Compute commission calculator with step-by-step results.
Web & Marketing,margin-calculator-29,Margin Calculator,Compute margin calculator with step-by-step results.
Web & Marketing,markup-calculator-30,Markup Calculator,Compute markup calculator with step-by-step results.
Web & Marketing,percentage-increase-calculator-31,Percentage Increase Calculator,Compute percentage increase calculator with step-by-step results.
Web & Marketing,percentage-decrease-calculator-32,Percentage Decrease Calculator,Compute percentage decrease calculator with step-by-step results.
Web & Marketing,percentage-change-calculator-33,Percentage Change Calculator,Compute percentage change calculator with step-by-step results.
Web & Marketing,what-is-x-percent-of-y-calculator-34,What Is X% of Y Calculator,Compute what is x% of y calculator with step-by-step results.
Web & Marketing,discount-(percentage-off)-calculator-35,Discount (Percentage Off) Calculator,Compute discount (percentage off) calculator with step-by-step results.
Web & Marketing,tip-calculator-36,Tip Calculator,Compute tip calculator with step-by-step results.
Web & Marketing,sales-tax-vat-calculator-37,Sales Tax/VAT Calculator,Compute sales tax/vat calculator with step-by-step results.
Web & Marketing,commission-calculator-38,Commission Calculator,Compute commission calculator with step-by-step results.
Web & Marketing,margin-calculator-39,Margin Calculator,Compute margin calculator with step-by-step results.
Web & Marketing,markup-calculator-40,Markup Calculator,Compute markup calculator with step-by-step results.
Web & Marketing,percentage-increase-calculator-41,Percentage Increase Calculator,Compute percentage increase calculator with step-by-step results.
Web & Marketing,percentage-decrease-calculator-42,Percentage Decrease Calculator,Compute percentage decrease calculator with step-by-step results.
Web & Marketing,percentage-change-calculator-43,Percentage Change Calculator,Compute percentage change calculator with step-by-step results.
Web & Marketing,what-is-x-percent-of-y-calculator-44,What Is X% of Y Calculator,Compute what is x% of y calculator with step-by-step results.
Web & Marketing,discount-(percentage-off)-calculator-45,Discount (Percentage Off) Calculator,Compute discount (percentage off) calculator with step-by-step results.
Web & Marketing,tip-calculator-46,Tip Calculator,Compute tip calculator with step-by-step results.
Web & Marketing,sales-tax-vat-calculator-47,Sales Tax/VAT Calculator,Compute sales tax/vat calculator with step-by-step results.
Web & Marketing,commission-calculator-48,Commission Calculator,Compute commission calculator with step-by-step results.
Web & Marketing,margin-calculator-49,Margin Calculator,Compute margin calculator with step-by-step results.
Web & Marketing,markup-calculator-50,Markup Calculator,Compute markup calculator with step-by-step results.
Web & Marketing,percentage-increase-calculator-51,Percentage Increase Calculator,Compute percentage increase calculator with step-by-step results.
Web & Marketing,percentage-decrease-calculator-52,Percentage Decrease Calculator,Compute percentage decrease calculator with step-by-step results.
Web & Marketing,percentage-change-calculator-53,Percentage Change Calculator,Compute percentage change calculator with step-by-step results.
Web & Marketing,what-is-x-percent-of-y-calculator-54,What Is X% of Y Calculator,Compute what is x% of y calculator with step-by-step results.
Web & Marketing,discount-(percentage-off)-calculator-55,Discount (Percentage Off) Calculator,Compute discount (percentage off) calculator with step-by-step results.
Web & Marketing,tip-calculator-56,Tip Calculator,Compute tip calculator with step-by-step results.
Web & Marketing,sales-tax-vat-calculator-57,Sales Tax/VAT Calculator,Compute sales tax/vat calculator with step-by-step results.
Web & Marketing,commission-calculator-58,Commission Calculator,Compute commission calculator with step-by-step results.
Web & Marketing,margin-calculator-59,Margin Calculator,Compute margin calculator with step-by-step results.
Web & Marketing,markup-calculator-60,Markup Calculator,Compute markup calculator with step-by-step results.
Web & Marketing,percentage-increase-calculator-61,Percentage Increase Calculator,Compute percentage increase calculator with step-by-step results.
Web & Marketing,percentage-decrease-calculator-62,Percentage Decrease Calculator,Compute percentage decrease calculator with step-by-step results.
Web & Marketing,percentage-change-calculator-63,Percentage Change Calculator,Compute percentage change calculator with step-by-step results.
Web & Marketing,what-is-x-percent-of-y-calculator-64,What Is X% of Y Calculator,Compute what is x% of y calculator with step-by-step results.
Web & Marketing,discount-(percentage-off)-calculator-65,Discount (Percentage Off) Calculator,Compute discount (percentage off) calculator with step-by-step results.
Web & Marketing,tip-calculator-66,Tip Calculator,Compute tip calculator with step-by-step results.
Web & Marketing,sales-tax-vat-calculator-67,Sales Tax/VAT Calculator,Compute sales tax/vat calculator with step-by-step results.
Web & Marketing,commission-calculator-68,Commission Calculator,Compute commission calculator with step-by-step results.
Web & Marketing,margin-calculator-69,Margin Calculator,Compute margin calculator with step-by-step results.
Web & Marketing,markup-calculator-70,Markup Calculator,Compute markup calculator with step-by-step results.
Web & Marketing,percentage-increase-calculator-71,Percentage Increase Calculator,Compute percentage increase calculator with step-by-step results.
Web & Marketing,percentage-decrease-calculator-72,Percentage Decrease Calculator,Compute percentage decrease calculator with step-by-step results.
Web & Marketing,percentage-change-calculator-73,Percentage Change Calculator,Compute percentage change calculator with step-by-step results.
Web & Marketing,what-is-x-percent-of-y-calculator-74,What Is X% of Y Calculator,Compute what is x% of y calculator with step-by-step results.
Web & Marketing,discount-(percentage-off)-calculator-75,Discount (Percentage Off) Calculator,Compute discount (percentage off) calculator with step-by-step results.
Web & Marketing,tip-calculator-76,Tip Calculator,Compute tip calculator with step-by-step results.
Web & Marketing,sales-tax-vat-calculator-77,Sales Tax/VAT Calculator,Compute sales tax/vat calculator with step-by-step results.
Web & Marketing,commission-calculator-78,Commission Calculator,Compute commission calculator with step-by-step results.
Web & Marketing,margin-calculator-79,Margin Calculator,Compute margin calculator with step-by-step results.
Web & Marketing,markup-calculator-80,Markup Calculator,Compute markup calculator with step-by-step results.
